{
    "goal": {
        "pos": [
            7,
            7
        ]
    },
    "items": [
        {
            "name": "bucket",
            "pos": [
                0,
                -7.2
            ],
            "scale": 1.0
        },
        {
            "name": "carrot",
            "pos": [
                -7.2,
                7.2
            ],
            "scale": 0.3
        }
    ],
    "walls": [
        [
            -7.93915319442749,
            -0.057530179619789124,
            -1.5830888748168945,
            0.9504923820495605,
            1.415583848953247
        ],
        [
            3.221686363220215,
            -0.057530179619789124,
            9.421204566955566,
            6.04763650894165,
            1.0000001192092896
        ],
        [
            4.261715412139893,
            6.507807731628418,
            6.284053325653076,
            0.8373103141784668,
            2.623596668243408
        ],
        [
            -0.2877507209777832,
            2.1293795108795166,
            3.1203038692474365,
            1.0330348014831543,
            2.451911687850952
        ],
        [
            -2.872997522354126,
            -7.670966148376465,
            -1.564651370048523,
            2.306143045425415,
            1.071681022644043
        ],
        [
            1.2071932554244995,
            -4.915037631988525,
            6.286370754241943,
            5.176840305328369,
            0.96607506275177
        ],
        [
            -4.95257568359375,
            6.248359203338623,
            4.7340087890625,
            2.8999996185302734,
            0.9707978963851929
        ]
    ]
}
